theta max(rad),theta settling time(s),x final value(m),x settling time(s),l final value(m),l settling time(s),lambda 1,k,lambda 2,alpha 1
0.0,0.0,0.0,0.0,0.0,0.0,0.0,0.0,0.0,0.0
0.00582,90.75,9.992,151.28,1.005,144.49,0.05,0.05,0.05,0.5
0.00582,90.75,9.992,151.28,1.005,144.49,0.05,0.05,0.05,0.5
0.00461,81.83,10.0,94.39,1.008,147.5,0.1,0.05,0.05,0.5
0.00416,89.64,10.0,90.95,1.008,145.18,0.15,0.05,0.05,0.5
0.0042,103.06,10.0,100.44,1.008,145.88,0.2,0.05,0.05,0.5
